<?xml version="1.0" encoding="UTF-8"?>
<module type="JAVA_MODULE" version="4">
    <component name="FacetManager">
        <facet type="hibernate" name="Hibernate">
            <configuration>
                <datasource-map>
                    <unit-entry name="hibernate.cfg.xml" value="db8a2d67-ec0c-47eb-a6e6-c15a6eed7c66"/>
                </datasource-map>
                <naming-strategy-map/>
                <deploymentDescriptor name="hibernate.cfg.xml"
                                      url="file://$MODULE_DIR$/src/main/resources/hibernate.cfg.xml"/>
            </configuration>
        </facet>
    </component>
</module>